Contract Address,Ticker,Comment
0xfd78aaed1e3f2d06dbde9510c6dc14112eca896d,$ANON,This coin gained traction because of its community-driven development.
0x62f64dc26ca0999AfDB219eea7d050C3C0925C0F,$LOL,"Popularized by a viral campaign on Farcaster, respected for transparency."
0x68a3637ba6e75c0f66b61a42639c4e9fcd3d4824,$MOON,Highly praised for its humorous concept and rapid adoption on Base.
0x76E3dea18e33e61DE15a7d17D9Ea23dC6118e10f,$DOGGO,Known for its adorable branding and Farcaster-backed memes.
0xbcf9c470c1e87dd0d17d5613f7ca13bb24ca918f,$FARC,"Created by Farcaster users, symbolizing the platform's creativity."
0xdddd7777eeee8888,$ZOOM,Respected for its fair launch and strong liquidity pools.
0xeeee9999ffff0000,$BASEY,Popular among Base developers for its innovative staking features.
0xffff1111aaaa2222,$BOLT,Gained a cult following after a meme competition on Farcaster.
0x1111222233334444,$HYPE,Praised for gamifying community engagement on Base.
0x2222333344445555,$CATZ,Farcaster's favorite feline-themed coin with a strong charity focus.
0x3333444455556666,$PEPE,Memetic power and strong developer support earned it a top spot.
0x4444555566667777,$WAGMI,Represents the 'Weâ€™re All Gonna Make It' ethos on Farcaster.
0x5555666677778888,$TACO,Innovative use of food-themed memes for decentralized donations.
0x6666777788889999,$DUCK,Well-loved for its quirky memes and responsive developer team.
0x7777888899990000,$HOOT,Respected for being eco-conscious and Farcaster-backed initiatives.
0x8888999900001111,$MEGA,Gained traction for hosting weekly giveaways among Farcaster users.
0x9999000011112222,$MAVEN,Celebrated for its AI integration into the Farcaster ecosystem.
0x0000111122223333,$PUNK,"Symbolizes rebellion and decentralization, championed on Base."
0x1111222233334444,$YEEHAW,"Wild West-themed coin, enjoyed for its unique humor on Farcaster."
0x2222333344445555,$ZEBRA,Praised for its cross-chain compatibility and active Base community.
0x3333444455556666,$FLIP,Introduced a clever referral system popular on Farcaster.
0x4444555566667777,$BEE,Admired for being community-driven with a unique NFT tie-in.
0x5555666677778888,$CRAB,"Celebrated for its fun, ocean-themed community campaigns."
0x6666777788889999,$OWL,Known for its strategic partnerships within the Farcaster community.
0x7777888899990000,$FIZZ,"Beloved for its nostalgic, soda-themed marketing and memes."
0x8888999900001111,$SPARK,Gained Farcaster traction for its transparent governance structure.
0x9999000011112222,$NOVA,Recognized for its strong team and use-case within the Base ecosystem.
0x0000111122223333,$RAGE,Popular for its high-energy marketing campaigns on Farcaster.
0x1111222233334444,$CHEESE,Stood out for its playful branding and active developer updates.
0x2222333344445555,$SNIFF,Known for unique meme content and creative community challenges.
0x3333444455556666,$BANANA,Engaged users with its gamified yield farming on Base.
0x4444555566667777,$STAR,Praised for its inclusive community initiatives on Farcaster.
0x5555666677778888,$SHIBL,Gained recognition for its humorous take on the Shiba Inu meme.
0x6666777788889999,$WINK,Respected for its low transaction fees and strong Farcaster support.
0x7777888899990000,$WAVE,Became a favorite for its consistent growth and whale-proof model.
0x8888999900001111,$SPROUT,Adored for its focus on sustainability and environmental impact.
0x9999000011112222,$WOBBLE,Gained Farcaster's attention with its dance-themed campaigns.
0x0000111122223333,$PLUME,Appreciated for innovative NFT integrations and community rewards.
0x1111222233334444,$CRISP,Known for its lighthearted branding and low trading fees.
0x2222333344445555,$BUBBLE,Earned respect for its fun and interactive launch events.
0x3333444455556666,$FLAME,Beloved for its focus on gamification and community empowerment.
0x4444555566667777,$JESTER,Memed its way to the top with clever humor and active developers.
0x5555666677778888,$PANDA,"Focused on supporting global conservation efforts, popular on Base."
0x6666777788889999,$KARMA,Respected for rewarding long-term Farcaster contributors.
0x7777888899990000,$FOCUS,Admired for its innovative staking rewards and transparency.
0x8888999900001111,$GLIDE,Became a favorite for its frictionless transaction experience.
0x9999000011112222,$PULSE,Respected for its strong tokenomics and frequent updates.
